product_name,avg_rating,total_reviews,positive_reviews,neutral_reviews,negative_reviews
A,3.9699307061563376,174763,128954,13778,32031
B,3.9720478591006105,174763,128900,13996,31867
C,3.973684210526316,174762,129043,13915,31804
D,3.9766711298794934,174762,129221,13965,31576
E,3.9710348931689956,174762,128919,13863,31980
F,3.9769400670626336,174762,129135,13992,31635
